set define off;


----------------ObjectDeleteScript----------------

--delete  from maxobjectcfg  where objectname='BEANSHELLCLASSFUNCTION';
--delete  from maxtablecfg  where TABLENAME='BEANSHELLCLASSFUNCTION';
--delete  from maxattributecfg  where OBJECTNAME='BEANSHELLCLASSFUNCTION';
--delete  from maxsysindexes where TBNAME= 'BEANSHELLCLASSFUNCTION';
--delete from maxsyskeys where IXNAME='BEANSHELLCLASSFUNCTION_NDX1';
--delete  from maxrelationship where PARENT= 'BEANSHELLCLASSFUNCTION';
--delete  from maxsequence where TBNAME= 'BEANSHELLCLASSFUNCTION';


----------------ObjectInsertScript----------------



----------------CreateObjectScript----------------

insert into maxobjectcfg ( OBJECTNAME, CLASSNAME, DESCRIPTION, EAUDITENABLED, EAUDITFILTER, ENTITYNAME, ESIGFILTER, EXTENDSOBJECT, IMPORTED, ISVIEW, PERSISTENT, SERVICENAME, SITEORGTYPE, USERDEFINED, CHANGED, MAINOBJECT, INTERNAL, MAXOBJECTID, TEXTDIRECTION) values ( 'BEANSHELLCLASSFUNCTION', 'psdi.mbo.custapp.CustomMboSet', 'BeanShell脚本可选择的''类''及''函数''', 0, null, 'BEANSHELLCLASSFUNCTION', null, null, 0, 0, 1, 'CUSTAPP', '系统', 1,'I', 0, 0, MAXOBJECTCFGSEQ.nextval, null);


----------------CreateTableScript----------------

insert into maxtablecfg ( TABLENAME, ADDROWSTAMP, EAUDITTBNAME, ISAUDITTABLE, RESTOREDATA, STORAGEPARTITION, TEXTSEARCHENABLED, LANGTABLENAME, LANGCOLUMNNAME, UNIQUECOLUMNNAME, ISLANGTABLE, MAXTABLEID, ALTIXNAME, TRIGROOT, CONTENTATTRIBUTE) values ( 'BEANSHELLCLASSFUNCTION', 1, null, 0, 0, 'MAXDATA', 0, null, null, 'BEANSHELLCLASSFUNCTIONID', 0, MAXTABLECFGSEQ.nextval, null, 'BEANSHELLCLASSFUNCTION', null);


----------------CreateAttributeScript----------------

insert into maxattributecfg ( OBJECTNAME, ATTRIBUTENAME, ALIAS, AUTOKEYNAME, ATTRIBUTENO, CANAUTONUM, CLASSNAME, COLUMNNAME, DEFAULTVALUE, DOMAINID, EAUDITENABLED, ENTITYNAME, ESIGENABLED, ISLDOWNER, ISPOSITIVE, LENGTH, MAXTYPE, MUSTBE, REQUIRED, PERSISTENT, PRIMARYKEYCOLSEQ, REMARKS, SAMEASATTRIBUTE, SAMEASOBJECT, SCALE, TITLE, USERDEFINED, CHANGED, SEARCHTYPE, MLSUPPORTED, MLINUSE, HANDLECOLUMNNAME, MAXATTRIBUTEID, RESTRICTED, LOCALIZABLE, TEXTDIRECTION, COMPLEXEXPRESSION) values ( 'BEANSHELLCLASSFUNCTION', 'BEANSHELLCLASSFUNCTIONID', 'BEANSHELLCLASSFUNCTIONID', null, 1, 0, null, 'BEANSHELLCLASSFUNCTIONID', null, null, 0, 'BEANSHELLCLASSFUNCTION', 0, 0, 0, 19, 'BIGINT', 1, 1, 1, 1, 'ID', null, null, 0, 'ID', 1,'I', 'EXACT', 0, 0, null, MAXATTRIBUTECFGSEQ.nextval, 0, 0, null, null);
insert into maxattributecfg ( OBJECTNAME, ATTRIBUTENAME, ALIAS, AUTOKEYNAME, ATTRIBUTENO, CANAUTONUM, CLASSNAME, COLUMNNAME, DEFAULTVALUE, DOMAINID, EAUDITENABLED, ENTITYNAME, ESIGENABLED, ISLDOWNER, ISPOSITIVE, LENGTH, MAXTYPE, MUSTBE, REQUIRED, PERSISTENT, PRIMARYKEYCOLSEQ, REMARKS, SAMEASATTRIBUTE, SAMEASOBJECT, SCALE, TITLE, USERDEFINED, CHANGED, SEARCHTYPE, MLSUPPORTED, MLINUSE, HANDLECOLUMNNAME, MAXATTRIBUTEID, RESTRICTED, LOCALIZABLE, TEXTDIRECTION, COMPLEXEXPRESSION) values ( 'BEANSHELLCLASSFUNCTION', 'CLASS', 'CLASS', null, 5, 0, null, 'CLASS', null, null, 0, 'BEANSHELLCLASSFUNCTION', 0, 0, 0, 30, 'ALN', 0, 0, 1, null, '类', null, null, 0, '类', 1,'I', 'WILDCARD', 0, 0, null, MAXATTRIBUTECFGSEQ.nextval, 0, 1, null, null);
insert into maxattributecfg ( OBJECTNAME, ATTRIBUTENAME, ALIAS, AUTOKEYNAME, ATTRIBUTENO, CANAUTONUM, CLASSNAME, COLUMNNAME, DEFAULTVALUE, DOMAINID, EAUDITENABLED, ENTITYNAME, ESIGENABLED, ISLDOWNER, ISPOSITIVE, LENGTH, MAXTYPE, MUSTBE, REQUIRED, PERSISTENT, PRIMARYKEYCOLSEQ, REMARKS, SAMEASATTRIBUTE, SAMEASOBJECT, SCALE, TITLE, USERDEFINED, CHANGED, SEARCHTYPE, MLSUPPORTED, MLINUSE, HANDLECOLUMNNAME, MAXATTRIBUTEID, RESTRICTED, LOCALIZABLE, TEXTDIRECTION, COMPLEXEXPRESSION) values ( 'BEANSHELLCLASSFUNCTION', 'DESCRIPTION', 'DESCRIPTION', null, 2, 0, null, 'DESCRIPTION', null, null, 0, 'BEANSHELLCLASSFUNCTION', 0, 1, 0, 50, 'ALN', 0, 0, 1, null, '描述', null, null, 0, '描述', 1,'I', 'NONE', 0, 0, null, MAXATTRIBUTECFGSEQ.nextval, 0, 1, null, null);
insert into maxattributecfg ( OBJECTNAME, ATTRIBUTENAME, ALIAS, AUTOKEYNAME, ATTRIBUTENO, CANAUTONUM, CLASSNAME, COLUMNNAME, DEFAULTVALUE, DOMAINID, EAUDITENABLED, ENTITYNAME, ESIGENABLED, ISLDOWNER, ISPOSITIVE, LENGTH, MAXTYPE, MUSTBE, REQUIRED, PERSISTENT, PRIMARYKEYCOLSEQ, REMARKS, SAMEASATTRIBUTE, SAMEASOBJECT, SCALE, TITLE, USERDEFINED, CHANGED, SEARCHTYPE, MLSUPPORTED, MLINUSE, HANDLECOLUMNNAME, MAXATTRIBUTEID, RESTRICTED, LOCALIZABLE, TEXTDIRECTION, COMPLEXEXPRESSION) values ( 'BEANSHELLCLASSFUNCTION', 'DESCRIPTION_LONGDESCRIPTION', 'DESCRIPTION_LONGDESCRIPTION', null, 3, 0, null, null, null, null, 0, null, 0, 0, 0, 32000, 'LONGALN', 1, 0, 0, null, '详细描述', null, null, 0, '详细描述', 1,'I', 'TEXT', 0, 0, null, MAXATTRIBUTECFGSEQ.nextval, 0, 0, null, null);
insert into maxattributecfg ( OBJECTNAME, ATTRIBUTENAME, ALIAS, AUTOKEYNAME, ATTRIBUTENO, CANAUTONUM, CLASSNAME, COLUMNNAME, DEFAULTVALUE, DOMAINID, EAUDITENABLED, ENTITYNAME, ESIGENABLED, ISLDOWNER, ISPOSITIVE, LENGTH, MAXTYPE, MUSTBE, REQUIRED, PERSISTENT, PRIMARYKEYCOLSEQ, REMARKS, SAMEASATTRIBUTE, SAMEASOBJECT, SCALE, TITLE, USERDEFINED, CHANGED, SEARCHTYPE, MLSUPPORTED, MLINUSE, HANDLECOLUMNNAME, MAXATTRIBUTEID, RESTRICTED, LOCALIZABLE, TEXTDIRECTION, COMPLEXEXPRESSION) values ( 'BEANSHELLCLASSFUNCTION', 'FUNCTION', 'FUNCTION', null, 6, 0, null, 'FUNCTION', null, null, 0, 'BEANSHELLCLASSFUNCTION', 0, 0, 0, 30, 'ALN', 0, 0, 1, null, '函数', null, null, 0, '函数', 1,'I', 'WILDCARD', 0, 0, null, MAXATTRIBUTECFGSEQ.nextval, 0, 1, null, null);
insert into maxattributecfg ( OBJECTNAME, ATTRIBUTENAME, ALIAS, AUTOKEYNAME, ATTRIBUTENO, CANAUTONUM, CLASSNAME, COLUMNNAME, DEFAULTVALUE, DOMAINID, EAUDITENABLED, ENTITYNAME, ESIGENABLED, ISLDOWNER, ISPOSITIVE, LENGTH, MAXTYPE, MUSTBE, REQUIRED, PERSISTENT, PRIMARYKEYCOLSEQ, REMARKS, SAMEASATTRIBUTE, SAMEASOBJECT, SCALE, TITLE, USERDEFINED, CHANGED, SEARCHTYPE, MLSUPPORTED, MLINUSE, HANDLECOLUMNNAME, MAXATTRIBUTEID, RESTRICTED, LOCALIZABLE, TEXTDIRECTION, COMPLEXEXPRESSION) values ( 'BEANSHELLCLASSFUNCTION', 'HASLD', 'HASLD', null, 4, 0, null, 'HASLD', '0', null, 0, 'BEANSHELLCLASSFUNCTION', 0, 0, 0, 1, 'YORN', 1, 1, 1, null, 'Hasld', null, null, 0, 'Hasld', 1,'I', 'NONE', 0, 0, null, MAXATTRIBUTECFGSEQ.nextval, 0, 0, null, null);
insert into maxattributecfg ( OBJECTNAME, ATTRIBUTENAME, ALIAS, AUTOKEYNAME, ATTRIBUTENO, CANAUTONUM, CLASSNAME, COLUMNNAME, DEFAULTVALUE, DOMAINID, EAUDITENABLED, ENTITYNAME, ESIGENABLED, ISLDOWNER, ISPOSITIVE, LENGTH, MAXTYPE, MUSTBE, REQUIRED, PERSISTENT, PRIMARYKEYCOLSEQ, REMARKS, SAMEASATTRIBUTE, SAMEASOBJECT, SCALE, TITLE, USERDEFINED, CHANGED, SEARCHTYPE, MLSUPPORTED, MLINUSE, HANDLECOLUMNNAME, MAXATTRIBUTEID, RESTRICTED, LOCALIZABLE, TEXTDIRECTION, COMPLEXEXPRESSION) values ( 'BEANSHELLCLASSFUNCTION', 'ISPARENT', 'ISPARENT', null, 7, 0, null, 'ISPARENT', '0', null, 0, 'BEANSHELLCLASSFUNCTION', 0, 0, 0, 1, 'YORN', 0, 1, 1, null, '是否父记录', null, null, 0, '是否父记录', 1,'I', 'EXACT', 0, 0, null, MAXATTRIBUTECFGSEQ.nextval, 0, 0, null, null);


----------------CreateindexScript----------------

insert into maxsysindexes ( NAME, TBNAME, UNIQUERULE, CHANGED, CLUSTERRULE, STORAGEPARTITION, REQUIRED, TEXTSEARCH, MAXSYSINDEXESID) values ( 'BEANSHELLCLASSFUNCTION_NDX1', 'BEANSHELLCLASSFUNCTION', 'U','Y', 0, 'MAXDATA', 1, 0, MAXSYSINDEXESSEQ.nextval);


----------------CreateKeyScript----------------

insert into maxsyskeys ( IXNAME, COLNAME, COLSEQ, ORDERING, CHANGED, MAXSYSKEYSID) values ( 'BEANSHELLCLASSFUNCTION_NDX1', 'BEANSHELLCLASSFUNCTIONID', 1, 'A','Y', MAXSYSKEYSSEQ.nextval);


----------------CreateRelationScript----------------

insert into maxrelationship ( NAME, PARENT, CHILD, WHERECLAUSE, REMARKS, MAXRELATIONSHIPID, CARDINALITY, DBJOINREQUIRED) values ( 'CHILDRENBSHCF', 'BEANSHELLCLASSFUNCTION', 'BEANSHELLCLASSFUNCTION', ':CLASS=CLASS and ISPARENT=:no', '外类的可触发函数', MAXRELATIONSHIPSEQ.nextval, null, 0);


----------------CreateSequenceScript----------------

insert into maxsequence ( TBNAME, NAME, MAXRESERVED, MAXVALUE, RANGE, SEQUENCENAME, MAXSEQUENCEID) values ( 'BEANSHELLCLASSFUNCTION', 'BEANSHELLCLASSFUNCTIONID', 1, null, null, 'BEANSHELLCLASSFUNCTIONIDSEQ', MAXSEQUENCESEQ.nextval);


----------------Update Maximo Sequence----------------

update maxsequence set maxreserved=(select max(BEANSHELLCLASSFUNCTIONID)+1 from BEANSHELLCLASSFUNCTION) where tbname='BEANSHELLCLASSFUNCTION' and name='BEANSHELLCLASSFUNCTIONID';


----------------CreateAutokeyScript----------------



----------------ObjectDeleteScript----------------

--delete  from maxobjectcfg  where objectname='BEANSHELLLOGS';
--delete  from maxtablecfg  where TABLENAME='BEANSHELLLOGS';
--delete  from maxattributecfg  where OBJECTNAME='BEANSHELLLOGS';
--delete  from maxsysindexes where TBNAME= 'BEANSHELLLOGS';
--delete from maxsyskeys where IXNAME='BEANSHELLLOGS_NDX1';
--delete  from maxrelationship where PARENT= 'BEANSHELLLOGS';
--delete  from maxsequence where TBNAME= 'BEANSHELLLOGS';


----------------ObjectInsertScript----------------



----------------CreateObjectScript----------------

insert into maxobjectcfg ( OBJECTNAME, CLASSNAME, DESCRIPTION, EAUDITENABLED, EAUDITFILTER, ENTITYNAME, ESIGFILTER, EXTENDSOBJECT, IMPORTED, ISVIEW, PERSISTENT, SERVICENAME, SITEORGTYPE, USERDEFINED, CHANGED, MAINOBJECT, INTERNAL, MAXOBJECTID, TEXTDIRECTION) values ( 'BEANSHELLLOGS', 'psdi.mbo.custapp.CustomMboSet', 'BeanShell脚本报错日志,因为像Mbo的init抛错前台看不到,只有后台看得到', 0, null, 'BEANSHELLLOGS', null, null, 0, 0, 1, 'CUSTAPP', '地点', 1,'I', 0, 0, MAXOBJECTCFGSEQ.nextval, null);


----------------CreateTableScript----------------

insert into maxtablecfg ( TABLENAME, ADDROWSTAMP, EAUDITTBNAME, ISAUDITTABLE, RESTOREDATA, STORAGEPARTITION, TEXTSEARCHENABLED, LANGTABLENAME, LANGCOLUMNNAME, UNIQUECOLUMNNAME, ISLANGTABLE, MAXTABLEID, ALTIXNAME, TRIGROOT, CONTENTATTRIBUTE) values ( 'BEANSHELLLOGS', 1, null, 0, 0, 'MAXDATA', 0, null, null, 'BEANSHELLLOGSID', 0, MAXTABLECFGSEQ.nextval, null, 'BEANSHELLLOGS', null);


----------------CreateAttributeScript----------------

insert into maxattributecfg ( OBJECTNAME, ATTRIBUTENAME, ALIAS, AUTOKEYNAME, ATTRIBUTENO, CANAUTONUM, CLASSNAME, COLUMNNAME, DEFAULTVALUE, DOMAINID, EAUDITENABLED, ENTITYNAME, ESIGENABLED, ISLDOWNER, ISPOSITIVE, LENGTH, MAXTYPE, MUSTBE, REQUIRED, PERSISTENT, PRIMARYKEYCOLSEQ, REMARKS, SAMEASATTRIBUTE, SAMEASOBJECT, SCALE, TITLE, USERDEFINED, CHANGED, SEARCHTYPE, MLSUPPORTED, MLINUSE, HANDLECOLUMNNAME, MAXATTRIBUTEID, RESTRICTED, LOCALIZABLE, TEXTDIRECTION, COMPLEXEXPRESSION) values ( 'BEANSHELLLOGS', 'BEANSHELLLOGSID', 'BEANSHELLLOGSID', null, 1, 0, null, 'BEANSHELLLOGSID', null, null, 0, 'BEANSHELLLOGS', 0, 0, 0, 19, 'BIGINT', 1, 1, 1, 1, 'ID', null, null, 0, 'ID', 1,'I', 'EXACT', 0, 0, null, MAXATTRIBUTECFGSEQ.nextval, 0, 0, null, null);
insert into maxattributecfg ( OBJECTNAME, ATTRIBUTENAME, ALIAS, AUTOKEYNAME, ATTRIBUTENO, CANAUTONUM, CLASSNAME, COLUMNNAME, DEFAULTVALUE, DOMAINID, EAUDITENABLED, ENTITYNAME, ESIGENABLED, ISLDOWNER, ISPOSITIVE, LENGTH, MAXTYPE, MUSTBE, REQUIRED, PERSISTENT, PRIMARYKEYCOLSEQ, REMARKS, SAMEASATTRIBUTE, SAMEASOBJECT, SCALE, TITLE, USERDEFINED, CHANGED, SEARCHTYPE, MLSUPPORTED, MLINUSE, HANDLECOLUMNNAME, MAXATTRIBUTEID, RESTRICTED, LOCALIZABLE, TEXTDIRECTION, COMPLEXEXPRESSION) values ( 'BEANSHELLLOGS', 'DATETIME', 'DATETIME', null, 3, 0, null, 'DATETIME', null, null, 0, 'BEANSHELLLOGS', 0, 0, 0, 10, 'DATETIME', 0, 0, 1, null, '日志记录时间', null, null, 0, '日志记录时间', 1,'I', 'EXACT', 0, 0, null, MAXATTRIBUTECFGSEQ.nextval, 0, 0, null, null);
insert into maxattributecfg ( OBJECTNAME, ATTRIBUTENAME, ALIAS, AUTOKEYNAME, ATTRIBUTENO, CANAUTONUM, CLASSNAME, COLUMNNAME, DEFAULTVALUE, DOMAINID, EAUDITENABLED, ENTITYNAME, ESIGENABLED, ISLDOWNER, ISPOSITIVE, LENGTH, MAXTYPE, MUSTBE, REQUIRED, PERSISTENT, PRIMARYKEYCOLSEQ, REMARKS, SAMEASATTRIBUTE, SAMEASOBJECT, SCALE, TITLE, USERDEFINED, CHANGED, SEARCHTYPE, MLSUPPORTED, MLINUSE, HANDLECOLUMNNAME, MAXATTRIBUTEID, RESTRICTED, LOCALIZABLE, TEXTDIRECTION, COMPLEXEXPRESSION) values ( 'BEANSHELLLOGS', 'DESCRIPTION', 'DESCRIPTION', null, 2, 0, null, 'DESCRIPTION', null, null, 0, 'BEANSHELLLOGS', 0, 1, 0, 50, 'ALN', 0, 0, 1, null, '描述', null, null, 0, '描述', 1,'I', 'WILDCARD', 0, 0, null, MAXATTRIBUTECFGSEQ.nextval, 0, 1, null, null);
insert into maxattributecfg ( OBJECTNAME, ATTRIBUTENAME, ALIAS, AUTOKEYNAME, ATTRIBUTENO, CANAUTONUM, CLASSNAME, COLUMNNAME, DEFAULTVALUE, DOMAINID, EAUDITENABLED, ENTITYNAME, ESIGENABLED, ISLDOWNER, ISPOSITIVE, LENGTH, MAXTYPE, MUSTBE, REQUIRED, PERSISTENT, PRIMARYKEYCOLSEQ, REMARKS, SAMEASATTRIBUTE, SAMEASOBJECT, SCALE, TITLE, USERDEFINED, CHANGED, SEARCHTYPE, MLSUPPORTED, MLINUSE, HANDLECOLUMNNAME, MAXATTRIBUTEID, RESTRICTED, LOCALIZABLE, TEXTDIRECTION, COMPLEXEXPRESSION) values ( 'BEANSHELLLOGS', 'DESCRIPTION_LONGDESCRIPTION', 'DESCRIPTION_LONGDESCRIPTION', null, 4, 0, null, null, null, null, 0, null, 0, 0, 0, 32000, 'LONGALN', 1, 0, 0, null, '详细描述', null, null, 0, '详细描述', 1,'I', 'TEXT', 0, 0, null, MAXATTRIBUTECFGSEQ.nextval, 0, 0, null, null);
insert into maxattributecfg ( OBJECTNAME, ATTRIBUTENAME, ALIAS, AUTOKEYNAME, ATTRIBUTENO, CANAUTONUM, CLASSNAME, COLUMNNAME, DEFAULTVALUE, DOMAINID, EAUDITENABLED, ENTITYNAME, ESIGENABLED, ISLDOWNER, ISPOSITIVE, LENGTH, MAXTYPE, MUSTBE, REQUIRED, PERSISTENT, PRIMARYKEYCOLSEQ, REMARKS, SAMEASATTRIBUTE, SAMEASOBJECT, SCALE, TITLE, USERDEFINED, CHANGED, SEARCHTYPE, MLSUPPORTED, MLINUSE, HANDLECOLUMNNAME, MAXATTRIBUTEID, RESTRICTED, LOCALIZABLE, TEXTDIRECTION, COMPLEXEXPRESSION) values ( 'BEANSHELLLOGS', 'HASLD', 'HASLD', null, 5, 0, null, 'HASLD', '0', null, 0, 'BEANSHELLLOGS', 0, 0, 0, 1, 'YORN', 1, 1, 1, null, 'Hasld', null, null, 0, 'Hasld', 1,'I', 'NONE', 0, 0, null, MAXATTRIBUTECFGSEQ.nextval, 0, 0, null, null);
insert into maxattributecfg ( OBJECTNAME, ATTRIBUTENAME, ALIAS, AUTOKEYNAME, ATTRIBUTENO, CANAUTONUM, CLASSNAME, COLUMNNAME, DEFAULTVALUE, DOMAINID, EAUDITENABLED, ENTITYNAME, ESIGENABLED, ISLDOWNER, ISPOSITIVE, LENGTH, MAXTYPE, MUSTBE, REQUIRED, PERSISTENT, PRIMARYKEYCOLSEQ, REMARKS, SAMEASATTRIBUTE, SAMEASOBJECT, SCALE, TITLE, USERDEFINED, CHANGED, SEARCHTYPE, MLSUPPORTED, MLINUSE, HANDLECOLUMNNAME, MAXATTRIBUTEID, RESTRICTED, LOCALIZABLE, TEXTDIRECTION, COMPLEXEXPRESSION) values ( 'BEANSHELLLOGS', 'ISREAD', 'ISREAD', null, 6, 0, null, 'ISREAD', '0', null, 0, 'BEANSHELLLOGS', 0, 0, 0, 1, 'YORN', 0, 1, 1, null, '已读标识', null, null, 0, '已读标识', 1,'I', 'EXACT', 0, 0, null, MAXATTRIBUTECFGSEQ.nextval, 0, 0, null, null);
insert into maxattributecfg ( OBJECTNAME, ATTRIBUTENAME, ALIAS, AUTOKEYNAME, ATTRIBUTENO, CANAUTONUM, CLASSNAME, COLUMNNAME, DEFAULTVALUE, DOMAINID, EAUDITENABLED, ENTITYNAME, ESIGENABLED, ISLDOWNER, ISPOSITIVE, LENGTH, MAXTYPE, MUSTBE, REQUIRED, PERSISTENT, PRIMARYKEYCOLSEQ, REMARKS, SAMEASATTRIBUTE, SAMEASOBJECT, SCALE, TITLE, USERDEFINED, CHANGED, SEARCHTYPE, MLSUPPORTED, MLINUSE, HANDLECOLUMNNAME, MAXATTRIBUTEID, RESTRICTED, LOCALIZABLE, TEXTDIRECTION, COMPLEXEXPRESSION) values ( 'BEANSHELLLOGS', 'LOG', 'LOG', null, 7, 0, null, 'LOG', null, null, 0, 'BEANSHELLLOGS', 0, 0, 0, 999999, 'CLOB', 0, 0, 1, null, '日志信息', null, null, 0, '日志信息', 1,'I', 'NONE', 0, 0, null, MAXATTRIBUTECFGSEQ.nextval, 0, 0, null, null);
insert into maxattributecfg ( OBJECTNAME, ATTRIBUTENAME, ALIAS, AUTOKEYNAME, ATTRIBUTENO, CANAUTONUM, CLASSNAME, COLUMNNAME, DEFAULTVALUE, DOMAINID, EAUDITENABLED, ENTITYNAME, ESIGENABLED, ISLDOWNER, ISPOSITIVE, LENGTH, MAXTYPE, MUSTBE, REQUIRED, PERSISTENT, PRIMARYKEYCOLSEQ, REMARKS, SAMEASATTRIBUTE, SAMEASOBJECT, SCALE, TITLE, USERDEFINED, CHANGED, SEARCHTYPE, MLSUPPORTED, MLINUSE, HANDLECOLUMNNAME, MAXATTRIBUTEID, RESTRICTED, LOCALIZABLE, TEXTDIRECTION, COMPLEXEXPRESSION) values ( 'BEANSHELLLOGS', 'ORGID', 'ORGID', null, 8, 0, 'psdi.app.site.FldOrganizationID', 'ORGID', null, null, 0, 'BEANSHELLLOGS', 0, 0, 0, 30, 'UPPER', 0, 0, 1, null, '组织', 'ORGID', 'ORGANIZATION', 0, '组织', 1,'I', 'WILDCARD', 0, 0, null, MAXATTRIBUTECFGSEQ.nextval, 0, 0, null, null);
insert into maxattributecfg ( OBJECTNAME, ATTRIBUTENAME, ALIAS, AUTOKEYNAME, ATTRIBUTENO, CANAUTONUM, CLASSNAME, COLUMNNAME, DEFAULTVALUE, DOMAINID, EAUDITENABLED, ENTITYNAME, ESIGENABLED, ISLDOWNER, ISPOSITIVE, LENGTH, MAXTYPE, MUSTBE, REQUIRED, PERSISTENT, PRIMARYKEYCOLSEQ, REMARKS, SAMEASATTRIBUTE, SAMEASOBJECT, SCALE, TITLE, USERDEFINED, CHANGED, SEARCHTYPE, MLSUPPORTED, MLINUSE, HANDLECOLUMNNAME, MAXATTRIBUTEID, RESTRICTED, LOCALIZABLE, TEXTDIRECTION, COMPLEXEXPRESSION) values ( 'BEANSHELLLOGS', 'SITEID', 'SITEID', null, 9, 0, 'psdi.app.site.FldSiteID', 'SITEID', null, null, 0, 'BEANSHELLLOGS', 0, 0, 0, 50, 'UPPER', 0, 0, 1, null, '地点', 'SITEID', 'SITE', 0, '地点', 1,'I', 'WILDCARD', 0, 0, null, MAXATTRIBUTECFGSEQ.nextval, 0, 0, null, null);


----------------CreateindexScript----------------

insert into maxsysindexes ( NAME, TBNAME, UNIQUERULE, CHANGED, CLUSTERRULE, STORAGEPARTITION, REQUIRED, TEXTSEARCH, MAXSYSINDEXESID) values ( 'BEANSHELLLOGS_NDX1', 'BEANSHELLLOGS', 'U','Y', 0, 'MAXDATA', 1, 0, MAXSYSINDEXESSEQ.nextval);


----------------CreateKeyScript----------------

insert into maxsyskeys ( IXNAME, COLNAME, COLSEQ, ORDERING, CHANGED, MAXSYSKEYSID) values ( 'BEANSHELLLOGS_NDX1', 'BEANSHELLLOGSID', 1, 'A','Y', MAXSYSKEYSSEQ.nextval);


----------------CreateRelationScript----------------



----------------CreateSequenceScript----------------

insert into maxsequence ( TBNAME, NAME, MAXRESERVED, MAXVALUE, RANGE, SEQUENCENAME, MAXSEQUENCEID) values ( 'BEANSHELLLOGS', 'BEANSHELLLOGSID', 1, null, null, 'BEANSHELLLOGSIDSEQ', MAXSEQUENCESEQ.nextval);


----------------Update Maximo Sequence----------------

update maxsequence set maxreserved=(select max(BEANSHELLLOGSID)+1 from BEANSHELLLOGS) where tbname='BEANSHELLLOGS' and name='BEANSHELLLOGSID';


----------------CreateAutokeyScript----------------



----------------ObjectDeleteScript----------------

--delete  from maxobjectcfg  where objectname='BEANSHELLTRIGGER';
--delete  from maxtablecfg  where TABLENAME='BEANSHELLTRIGGER';
--delete  from maxattributecfg  where OBJECTNAME='BEANSHELLTRIGGER';
--delete  from maxsysindexes where TBNAME= 'BEANSHELLTRIGGER';
--delete from maxsyskeys where IXNAME='BEANSHELLTRIGGER_NDX1';
--delete  from maxrelationship where PARENT= 'BEANSHELLTRIGGER';
--delete  from maxsequence where TBNAME= 'BEANSHELLTRIGGER';


----------------ObjectInsertScript----------------



----------------CreateObjectScript----------------

insert into maxobjectcfg ( OBJECTNAME, CLASSNAME, DESCRIPTION, EAUDITENABLED, EAUDITFILTER, ENTITYNAME, ESIGFILTER, EXTENDSOBJECT, IMPORTED, ISVIEW, PERSISTENT, SERVICENAME, SITEORGTYPE, USERDEFINED, CHANGED, MAINOBJECT, INTERNAL, MAXOBJECTID, TEXTDIRECTION) values ( 'BEANSHELLTRIGGER', 'com.shuto.mam.app.autobsh.BeanShellTriggerSet', '类在对应应用触发BeanShell脚本', 0, null, 'BEANSHELLTRIGGER', null, null, 0, 0, 1, 'CUSTAPP', '地点', 1,'I', 0, 0, MAXOBJECTCFGSEQ.nextval, null);


----------------CreateTableScript----------------

insert into maxtablecfg ( TABLENAME, ADDROWSTAMP, EAUDITTBNAME, ISAUDITTABLE, RESTOREDATA, STORAGEPARTITION, TEXTSEARCHENABLED, LANGTABLENAME, LANGCOLUMNNAME, UNIQUECOLUMNNAME, ISLANGTABLE, MAXTABLEID, ALTIXNAME, TRIGROOT, CONTENTATTRIBUTE) values ( 'BEANSHELLTRIGGER', 1, null, 0, 0, 'MAXDATA', 0, null, null, 'BEANSHELLTRIGGERID', 0, MAXTABLECFGSEQ.nextval, null, 'BEANSHELLTRIGGER', null);


----------------CreateAttributeScript----------------

insert into maxattributecfg ( OBJECTNAME, ATTRIBUTENAME, ALIAS, AUTOKEYNAME, ATTRIBUTENO, CANAUTONUM, CLASSNAME, COLUMNNAME, DEFAULTVALUE, DOMAINID, EAUDITENABLED, ENTITYNAME, ESIGENABLED, ISLDOWNER, ISPOSITIVE, LENGTH, MAXTYPE, MUSTBE, REQUIRED, PERSISTENT, PRIMARYKEYCOLSEQ, REMARKS, SAMEASATTRIBUTE, SAMEASOBJECT, SCALE, TITLE, USERDEFINED, CHANGED, SEARCHTYPE, MLSUPPORTED, MLINUSE, HANDLECOLUMNNAME, MAXATTRIBUTEID, RESTRICTED, LOCALIZABLE, TEXTDIRECTION, COMPLEXEXPRESSION) values ( 'BEANSHELLTRIGGER', 'APPNAME', 'APPNAME', null, 10, 0, 'com.shuto.mam.app.bsht.FldBSHTAppName', 'APPNAME', null, null, 0, 'BEANSHELLTRIGGER', 0, 0, 0, 10, 'UPPER', 1, 0, 1, null, '触发的应用名称', 'APP', 'MAXAPPS', 0, '触发的应用名称', 1,'I', 'WILDCARD', 0, 0, null, MAXATTRIBUTECFGSEQ.nextval, 0, 0, null, null);
insert into maxattributecfg ( OBJECTNAME, ATTRIBUTENAME, ALIAS, AUTOKEYNAME, ATTRIBUTENO, CANAUTONUM, CLASSNAME, COLUMNNAME, DEFAULTVALUE, DOMAINID, EAUDITENABLED, ENTITYNAME, ESIGENABLED, ISLDOWNER, ISPOSITIVE, LENGTH, MAXTYPE, MUSTBE, REQUIRED, PERSISTENT, PRIMARYKEYCOLSEQ, REMARKS, SAMEASATTRIBUTE, SAMEASOBJECT, SCALE, TITLE, USERDEFINED, CHANGED, SEARCHTYPE, MLSUPPORTED, MLINUSE, HANDLECOLUMNNAME, MAXATTRIBUTEID, RESTRICTED, LOCALIZABLE, TEXTDIRECTION, COMPLEXEXPRESSION) values ( 'BEANSHELLTRIGGER', 'BEANSHELLTRIGGERID', 'BEANSHELLTRIGGERID', null, 1, 0, null, 'BEANSHELLTRIGGERID', null, null, 0, 'BEANSHELLTRIGGER', 0, 0, 0, 19, 'BIGINT', 1, 1, 1, 1, 'ID', null, null, 0, 'ID', 1,'I', 'EXACT', 0, 0, null, MAXATTRIBUTECFGSEQ.nextval, 0, 0, null, null);
insert into maxattributecfg ( OBJECTNAME, ATTRIBUTENAME, ALIAS, AUTOKEYNAME, ATTRIBUTENO, CANAUTONUM, CLASSNAME, COLUMNNAME, DEFAULTVALUE, DOMAINID, EAUDITENABLED, ENTITYNAME, ESIGENABLED, ISLDOWNER, ISPOSITIVE, LENGTH, MAXTYPE, MUSTBE, REQUIRED, PERSISTENT, PRIMARYKEYCOLSEQ, REMARKS, SAMEASATTRIBUTE, SAMEASOBJECT, SCALE, TITLE, USERDEFINED, CHANGED, SEARCHTYPE, MLSUPPORTED, MLINUSE, HANDLECOLUMNNAME, MAXATTRIBUTEID, RESTRICTED, LOCALIZABLE, TEXTDIRECTION, COMPLEXEXPRESSION) values ( 'BEANSHELLTRIGGER', 'CLASS', 'CLASS', null, 9, 0, 'com.shuto.mam.app.autobsh.configu.FldBSHTClassLookup', 'CLASS', null, null, 0, 'BEANSHELLTRIGGER', 0, 0, 0, 30, 'ALN', 0, 0, 1, null, '哪种类中触发', 'CLASS', 'BEANSHELLCLASSFUNCTION', 0, '哪种类中触发', 1,'I', 'WILDCARD', 0, 0, null, MAXATTRIBUTECFGSEQ.nextval, 0, 1, null, null);
insert into maxattributecfg ( OBJECTNAME, ATTRIBUTENAME, ALIAS, AUTOKEYNAME, ATTRIBUTENO, CANAUTONUM, CLASSNAME, COLUMNNAME, DEFAULTVALUE, DOMAINID, EAUDITENABLED, ENTITYNAME, ESIGENABLED, ISLDOWNER, ISPOSITIVE, LENGTH, MAXTYPE, MUSTBE, REQUIRED, PERSISTENT, PRIMARYKEYCOLSEQ, REMARKS, SAMEASATTRIBUTE, SAMEASOBJECT, SCALE, TITLE, USERDEFINED, CHANGED, SEARCHTYPE, MLSUPPORTED, MLINUSE, HANDLECOLUMNNAME, MAXATTRIBUTEID, RESTRICTED, LOCALIZABLE, TEXTDIRECTION, COMPLEXEXPRESSION) values ( 'BEANSHELLTRIGGER', 'DESCRIPTION', 'DESCRIPTION', null, 2, 0, null, 'DESCRIPTION', null, null, 0, 'BEANSHELLTRIGGER', 0, 1, 0, 50, 'ALN', 0, 0, 1, null, '描述', null, null, 0, '描述', 1,'I', 'NONE', 0, 0, null, MAXATTRIBUTECFGSEQ.nextval, 0, 1, null, null);
insert into maxattributecfg ( OBJECTNAME, ATTRIBUTENAME, ALIAS, AUTOKEYNAME, ATTRIBUTENO, CANAUTONUM, CLASSNAME, COLUMNNAME, DEFAULTVALUE, DOMAINID, EAUDITENABLED, ENTITYNAME, ESIGENABLED, ISLDOWNER, ISPOSITIVE, LENGTH, MAXTYPE, MUSTBE, REQUIRED, PERSISTENT, PRIMARYKEYCOLSEQ, REMARKS, SAMEASATTRIBUTE, SAMEASOBJECT, SCALE, TITLE, USERDEFINED, CHANGED, SEARCHTYPE, MLSUPPORTED, MLINUSE, HANDLECOLUMNNAME, MAXATTRIBUTEID, RESTRICTED, LOCALIZABLE, TEXTDIRECTION, COMPLEXEXPRESSION) values ( 'BEANSHELLTRIGGER', 'DESCRIPTION_LONGDESCRIPTION', 'DESCRIPTION_LONGDESCRIPTION', null, 5, 0, null, null, null, null, 0, null, 0, 0, 0, 32000, 'LONGALN', 1, 0, 0, null, '详细描述', null, null, 0, '详细描述', 1,'I', 'TEXT', 0, 0, null, MAXATTRIBUTECFGSEQ.nextval, 0, 0, null, null);
insert into maxattributecfg ( OBJECTNAME, ATTRIBUTENAME, ALIAS, AUTOKEYNAME, ATTRIBUTENO, CANAUTONUM, CLASSNAME, COLUMNNAME, DEFAULTVALUE, DOMAINID, EAUDITENABLED, ENTITYNAME, ESIGENABLED, ISLDOWNER, ISPOSITIVE, LENGTH, MAXTYPE, MUSTBE, REQUIRED, PERSISTENT, PRIMARYKEYCOLSEQ, REMARKS, SAMEASATTRIBUTE, SAMEASOBJECT, SCALE, TITLE, USERDEFINED, CHANGED, SEARCHTYPE, MLSUPPORTED, MLINUSE, HANDLECOLUMNNAME, MAXATTRIBUTEID, RESTRICTED, LOCALIZABLE, TEXTDIRECTION, COMPLEXEXPRESSION) values ( 'BEANSHELLTRIGGER', 'FUNCTION', 'FUNCTION', null, 8, 0, 'com.shuto.mam.app.autobsh.configu.FldBSHTFunctionLookup', 'FUNCTION', null, null, 0, 'BEANSHELLTRIGGER', 0, 0, 0, 30, 'ALN', 0, 0, 1, null, '在哪个函数触发', 'FUNCTION', 'BEANSHELLCLASSFUNCTION', 0, '在哪个函数触发', 1,'I', 'WILDCARD', 0, 0, null, MAXATTRIBUTECFGSEQ.nextval, 0, 1, null, null);
insert into maxattributecfg ( OBJECTNAME, ATTRIBUTENAME, ALIAS, AUTOKEYNAME, ATTRIBUTENO, CANAUTONUM, CLASSNAME, COLUMNNAME, DEFAULTVALUE, DOMAINID, EAUDITENABLED, ENTITYNAME, ESIGENABLED, ISLDOWNER, ISPOSITIVE, LENGTH, MAXTYPE, MUSTBE, REQUIRED, PERSISTENT, PRIMARYKEYCOLSEQ, REMARKS, SAMEASATTRIBUTE, SAMEASOBJECT, SCALE, TITLE, USERDEFINED, CHANGED, SEARCHTYPE, MLSUPPORTED, MLINUSE, HANDLECOLUMNNAME, MAXATTRIBUTEID, RESTRICTED, LOCALIZABLE, TEXTDIRECTION, COMPLEXEXPRESSION) values ( 'BEANSHELLTRIGGER', 'HASLD', 'HASLD', null, 6, 0, null, 'HASLD', '0', null, 0, 'BEANSHELLTRIGGER', 0, 0, 0, 1, 'YORN', 1, 1, 1, null, 'Hasld', null, null, 0, 'Hasld', 1,'I', 'NONE', 0, 0, null, MAXATTRIBUTECFGSEQ.nextval, 0, 0, null, null);
insert into maxattributecfg ( OBJECTNAME, ATTRIBUTENAME, ALIAS, AUTOKEYNAME, ATTRIBUTENO, CANAUTONUM, CLASSNAME, COLUMNNAME, DEFAULTVALUE, DOMAINID, EAUDITENABLED, ENTITYNAME, ESIGENABLED, ISLDOWNER, ISPOSITIVE, LENGTH, MAXTYPE, MUSTBE, REQUIRED, PERSISTENT, PRIMARYKEYCOLSEQ, REMARKS, SAMEASATTRIBUTE, SAMEASOBJECT, SCALE, TITLE, USERDEFINED, CHANGED, SEARCHTYPE, MLSUPPORTED, MLINUSE, HANDLECOLUMNNAME, MAXATTRIBUTEID, RESTRICTED, LOCALIZABLE, TEXTDIRECTION, COMPLEXEXPRESSION) values ( 'BEANSHELLTRIGGER', 'ORGID', 'ORGID', null, 4, 0, 'psdi.app.site.FldOrganizationID', 'ORGID', null, null, 0, 'BEANSHELLTRIGGER', 0, 0, 0, 30, 'UPPER', 0, 0, 1, null, '组织', 'ORGID', 'ORGANIZATION', 0, '组织', 1,'I', 'NONE', 0, 0, null, MAXATTRIBUTECFGSEQ.nextval, 0, 0, null, null);
insert into maxattributecfg ( OBJECTNAME, ATTRIBUTENAME, ALIAS, AUTOKEYNAME, ATTRIBUTENO, CANAUTONUM, CLASSNAME, COLUMNNAME, DEFAULTVALUE, DOMAINID, EAUDITENABLED, ENTITYNAME, ESIGENABLED, ISLDOWNER, ISPOSITIVE, LENGTH, MAXTYPE, MUSTBE, REQUIRED, PERSISTENT, PRIMARYKEYCOLSEQ, REMARKS, SAMEASATTRIBUTE, SAMEASOBJECT, SCALE, TITLE, USERDEFINED, CHANGED, SEARCHTYPE, MLSUPPORTED, MLINUSE, HANDLECOLUMNNAME, MAXATTRIBUTEID, RESTRICTED, LOCALIZABLE, TEXTDIRECTION, COMPLEXEXPRESSION) values ( 'BEANSHELLTRIGGER', 'SEQUENCE', 'SEQUENCE', null, 7, 0, null, 'SEQUENCE', null, null, 0, 'BEANSHELLTRIGGER', 0, 0, 0, 15, 'ALN', 0, 0, 1, null, '排序', null, null, 0, '排序', 1,'I', 'EXACT', 0, 0, null, MAXATTRIBUTECFGSEQ.nextval, 0, 1, null, null);
insert into maxattributecfg ( OBJECTNAME, ATTRIBUTENAME, ALIAS, AUTOKEYNAME, ATTRIBUTENO, CANAUTONUM, CLASSNAME, COLUMNNAME, DEFAULTVALUE, DOMAINID, EAUDITENABLED, ENTITYNAME, ESIGENABLED, ISLDOWNER, ISPOSITIVE, LENGTH, MAXTYPE, MUSTBE, REQUIRED, PERSISTENT, PRIMARYKEYCOLSEQ, REMARKS, SAMEASATTRIBUTE, SAMEASOBJECT, SCALE, TITLE, USERDEFINED, CHANGED, SEARCHTYPE, MLSUPPORTED, MLINUSE, HANDLECOLUMNNAME, MAXATTRIBUTEID, RESTRICTED, LOCALIZABLE, TEXTDIRECTION, COMPLEXEXPRESSION) values ( 'BEANSHELLTRIGGER', 'SITEID', 'SITEID', null, 3, 0, 'psdi.app.site.FldSiteID', 'SITEID', null, null, 0, 'BEANSHELLTRIGGER', 0, 0, 0, 50, 'UPPER', 0, 0, 1, null, '地点', 'SITEID', 'SITE', 0, '地点', 1,'I', 'NONE', 0, 0, null, MAXATTRIBUTECFGSEQ.nextval, 0, 0, null, null);
insert into maxattributecfg ( OBJECTNAME, ATTRIBUTENAME, ALIAS, AUTOKEYNAME, ATTRIBUTENO, CANAUTONUM, CLASSNAME, COLUMNNAME, DEFAULTVALUE, DOMAINID, EAUDITENABLED, ENTITYNAME, ESIGENABLED, ISLDOWNER, ISPOSITIVE, LENGTH, MAXTYPE, MUSTBE, REQUIRED, PERSISTENT, PRIMARYKEYCOLSEQ, REMARKS, SAMEASATTRIBUTE, SAMEASOBJECT, SCALE, TITLE, USERDEFINED, CHANGED, SEARCHTYPE, MLSUPPORTED, MLINUSE, HANDLECOLUMNNAME, MAXATTRIBUTEID, RESTRICTED, LOCALIZABLE, TEXTDIRECTION, COMPLEXEXPRESSION) values ( 'BEANSHELLTRIGGER', 'SOURCE', 'SOURCE', null, 11, 0, null, 'SOURCE', null, null, 0, 'BEANSHELLTRIGGER', 0, 0, 0, 999999, 'CLOB', 0, 0, 1, null, '源代码', null, null, 0, '源代码', 1,'I', 'NONE', 0, 0, null, MAXATTRIBUTECFGSEQ.nextval, 0, 0, null, null);
insert into maxattributecfg ( OBJECTNAME, ATTRIBUTENAME, ALIAS, AUTOKEYNAME, ATTRIBUTENO, CANAUTONUM, CLASSNAME, COLUMNNAME, DEFAULTVALUE, DOMAINID, EAUDITENABLED, ENTITYNAME, ESIGENABLED, ISLDOWNER, ISPOSITIVE, LENGTH, MAXTYPE, MUSTBE, REQUIRED, PERSISTENT, PRIMARYKEYCOLSEQ, REMARKS, SAMEASATTRIBUTE, SAMEASOBJECT, SCALE, TITLE, USERDEFINED, CHANGED, SEARCHTYPE, MLSUPPORTED, MLINUSE, HANDLECOLUMNNAME, MAXATTRIBUTEID, RESTRICTED, LOCALIZABLE, TEXTDIRECTION, COMPLEXEXPRESSION) values ( 'BEANSHELLTRIGGER', 'TABLEFIELD', 'TABLEFIELD', null, 12, 0, null, 'TABLEFIELD', null, null, 0, 'BEANSHELLTRIGGER', 0, 0, 0, 50, 'ALN', 0, 0, 1, null, '表字段', null, null, 0, '表字段', 1,'I', 'WILDCARD', 0, 0, null, MAXATTRIBUTECFGSEQ.nextval, 0, 1, null, null);
insert into maxattributecfg ( OBJECTNAME, ATTRIBUTENAME, ALIAS, AUTOKEYNAME, ATTRIBUTENO, CANAUTONUM, CLASSNAME, COLUMNNAME, DEFAULTVALUE, DOMAINID, EAUDITENABLED, ENTITYNAME, ESIGENABLED, ISLDOWNER, ISPOSITIVE, LENGTH, MAXTYPE, MUSTBE, REQUIRED, PERSISTENT, PRIMARYKEYCOLSEQ, REMARKS, SAMEASATTRIBUTE, SAMEASOBJECT, SCALE, TITLE, USERDEFINED, CHANGED, SEARCHTYPE, MLSUPPORTED, MLINUSE, HANDLECOLUMNNAME, MAXATTRIBUTEID, RESTRICTED, LOCALIZABLE, TEXTDIRECTION, COMPLEXEXPRESSION) values ( 'BEANSHELLTRIGGER', 'VERSION', 'VERSION', null, 13, 0, null, 'VERSION', null, null, 0, 'BEANSHELLTRIGGER', 0, 0, 0, 12, 'INTEGER', 0, 0, 1, null, '版本号', null, null, 0, '版本号', 1,'I', 'EXACT', 0, 0, null, MAXATTRIBUTECFGSEQ.nextval, 0, 0, null, null);
insert into maxattributecfg ( OBJECTNAME, ATTRIBUTENAME, ALIAS, AUTOKEYNAME, ATTRIBUTENO, CANAUTONUM, CLASSNAME, COLUMNNAME, DEFAULTVALUE, DOMAINID, EAUDITENABLED, ENTITYNAME, ESIGENABLED, ISLDOWNER, ISPOSITIVE, LENGTH, MAXTYPE, MUSTBE, REQUIRED, PERSISTENT, PRIMARYKEYCOLSEQ, REMARKS, SAMEASATTRIBUTE, SAMEASOBJECT, SCALE, TITLE, USERDEFINED, CHANGED, SEARCHTYPE, MLSUPPORTED, MLINUSE, HANDLECOLUMNNAME, MAXATTRIBUTEID, RESTRICTED, LOCALIZABLE, TEXTDIRECTION, COMPLEXEXPRESSION) values ( 'BEANSHELLTRIGGER', 'WHEN', 'WHEN', null, 14, 0, null, 'WHEN', null, 'BSHTWHEN', 0, 'BEANSHELLTRIGGER', 0, 0, 0, 10, 'ALN', 0, 0, 1, null, '何时触发', null, null, 0, '何时触发', 1,'I', 'WILDCARD', 0, 0, null, MAXATTRIBUTECFGSEQ.nextval, 0, 1, null, null);


----------------CreateindexScript----------------

insert into maxsysindexes ( NAME, TBNAME, UNIQUERULE, CHANGED, CLUSTERRULE, STORAGEPARTITION, REQUIRED, TEXTSEARCH, MAXSYSINDEXESID) values ( 'BEANSHELLTRIGGER_NDX1', 'BEANSHELLTRIGGER', 'U','Y', 0, 'MAXDATA', 1, 0, MAXSYSINDEXESSEQ.nextval);


----------------CreateKeyScript----------------

insert into maxsyskeys ( IXNAME, COLNAME, COLSEQ, ORDERING, CHANGED, MAXSYSKEYSID) values ( 'BEANSHELLTRIGGER_NDX1', 'BEANSHELLTRIGGERID', 1, 'A','Y', MAXSYSKEYSSEQ.nextval);


----------------CreateRelationScript----------------

insert into maxrelationship ( NAME, PARENT, CHILD, WHERECLAUSE, REMARKS, MAXRELATIONSHIPID, CARDINALITY, DBJOINREQUIRED) values ( 'BEANSHELLCLASSFUNCTION', 'BEANSHELLTRIGGER', 'BEANSHELLCLASSFUNCTION', 'CLASS =:CLASS', null, MAXRELATIONSHIPSEQ.nextval, null, 0);


----------------CreateSequenceScript----------------

insert into maxsequence ( TBNAME, NAME, MAXRESERVED, MAXVALUE, RANGE, SEQUENCENAME, MAXSEQUENCEID) values ( 'BEANSHELLTRIGGER', 'BEANSHELLTRIGGERID', 1, null, null, 'BEANSHELLTRIGGERIDSEQ', MAXSEQUENCESEQ.nextval);


----------------Update Maximo Sequence----------------

update maxsequence set maxreserved=(select max(BEANSHELLTRIGGERID)+1 from BEANSHELLTRIGGER) where tbname='BEANSHELLTRIGGER' and name='BEANSHELLTRIGGERID';


----------------CreateAutokeyScript----------------



----------------ObjectDeleteScript----------------

--delete  from maxobjectcfg  where objectname='BEANSHELLTRIGGERLOG';
--delete  from maxtablecfg  where TABLENAME='BEANSHELLTRIGGERLOG';
--delete  from maxattributecfg  where OBJECTNAME='BEANSHELLTRIGGERLOG';
--delete  from maxsysindexes where TBNAME= 'BEANSHELLTRIGGERLOG';
--delete from maxsyskeys where IXNAME='BEANSHELLTRIGGERLOG_NDX1';
--delete  from maxrelationship where PARENT= 'BEANSHELLTRIGGERLOG';
--delete  from maxsequence where TBNAME= 'BEANSHELLTRIGGERLOG';


----------------ObjectInsertScript----------------



----------------CreateObjectScript----------------

insert into maxobjectcfg ( OBJECTNAME, CLASSNAME, DESCRIPTION, EAUDITENABLED, EAUDITFILTER, ENTITYNAME, ESIGFILTER, EXTENDSOBJECT, IMPORTED, ISVIEW, PERSISTENT, SERVICENAME, SITEORGTYPE, USERDEFINED, CHANGED, MAINOBJECT, INTERNAL, MAXOBJECTID, TEXTDIRECTION) values ( 'BEANSHELLTRIGGERLOG', 'psdi.mbo.custapp.CustomMboSet', 'BeanShellTrigger的修改日志表,多了些修改人信息', 0, null, 'BEANSHELLTRIGGERLOG', null, null, 0, 0, 1, 'CUSTAPP', '地点', 1,'I', 0, 0, MAXOBJECTCFGSEQ.nextval, null);


----------------CreateTableScript----------------

insert into maxtablecfg ( TABLENAME, ADDROWSTAMP, EAUDITTBNAME, ISAUDITTABLE, RESTOREDATA, STORAGEPARTITION, TEXTSEARCHENABLED, LANGTABLENAME, LANGCOLUMNNAME, UNIQUECOLUMNNAME, ISLANGTABLE, MAXTABLEID, ALTIXNAME, TRIGROOT, CONTENTATTRIBUTE) values ( 'BEANSHELLTRIGGERLOG', 1, null, 0, 0, 'MAXDATA', 0, null, null, 'BEANSHELLTRIGGERLOGID', 0, MAXTABLECFGSEQ.nextval, null, 'BEANSHELLTRIGGERLOG', null);


----------------CreateAttributeScript----------------

insert into maxattributecfg ( OBJECTNAME, ATTRIBUTENAME, ALIAS, AUTOKEYNAME, ATTRIBUTENO, CANAUTONUM, CLASSNAME, COLUMNNAME, DEFAULTVALUE, DOMAINID, EAUDITENABLED, ENTITYNAME, ESIGENABLED, ISLDOWNER, ISPOSITIVE, LENGTH, MAXTYPE, MUSTBE, REQUIRED, PERSISTENT, PRIMARYKEYCOLSEQ, REMARKS, SAMEASATTRIBUTE, SAMEASOBJECT, SCALE, TITLE, USERDEFINED, CHANGED, SEARCHTYPE, MLSUPPORTED, MLINUSE, HANDLECOLUMNNAME, MAXATTRIBUTEID, RESTRICTED, LOCALIZABLE, TEXTDIRECTION, COMPLEXEXPRESSION) values ( 'BEANSHELLTRIGGERLOG', 'APPNAME', 'APPNAME', null, 7, 0, 'com.shuto.mam.app.bsht.FldBSHTAppName', 'APPNAME', null, null, 0, 'BEANSHELLTRIGGERLOG', 0, 0, 0, 10, 'UPPER', 1, 0, 1, null, '触发的应用名称', 'APP', 'MAXAPPS', 0, '触发的应用名称', 1,'I', 'WILDCARD', 0, 0, null, MAXATTRIBUTECFGSEQ.nextval, 0, 0, null, null);
insert into maxattributecfg ( OBJECTNAME, ATTRIBUTENAME, ALIAS, AUTOKEYNAME, ATTRIBUTENO, CANAUTONUM, CLASSNAME, COLUMNNAME, DEFAULTVALUE, DOMAINID, EAUDITENABLED, ENTITYNAME, ESIGENABLED, ISLDOWNER, ISPOSITIVE, LENGTH, MAXTYPE, MUSTBE, REQUIRED, PERSISTENT, PRIMARYKEYCOLSEQ, REMARKS, SAMEASATTRIBUTE, SAMEASOBJECT, SCALE, TITLE, USERDEFINED, CHANGED, SEARCHTYPE, MLSUPPORTED, MLINUSE, HANDLECOLUMNNAME, MAXATTRIBUTEID, RESTRICTED, LOCALIZABLE, TEXTDIRECTION, COMPLEXEXPRESSION) values ( 'BEANSHELLTRIGGERLOG', 'BEANSHELLTRIGGERID', 'BEANSHELLTRIGGERID', null, 8, 0, null, 'BEANSHELLTRIGGERID', null, null, 0, 'BEANSHELLTRIGGERLOG', 0, 0, 0, 19, 'BIGINT', 0, 0, 1, null, 'bshtID', null, null, 0, 'bshtID', 1,'I', 'EXACT', 0, 0, null, MAXATTRIBUTECFGSEQ.nextval, 0, 0, null, null);
insert into maxattributecfg ( OBJECTNAME, ATTRIBUTENAME, ALIAS, AUTOKEYNAME, ATTRIBUTENO, CANAUTONUM, CLASSNAME, COLUMNNAME, DEFAULTVALUE, DOMAINID, EAUDITENABLED, ENTITYNAME, ESIGENABLED, ISLDOWNER, ISPOSITIVE, LENGTH, MAXTYPE, MUSTBE, REQUIRED, PERSISTENT, PRIMARYKEYCOLSEQ, REMARKS, SAMEASATTRIBUTE, SAMEASOBJECT, SCALE, TITLE, USERDEFINED, CHANGED, SEARCHTYPE, MLSUPPORTED, MLINUSE, HANDLECOLUMNNAME, MAXATTRIBUTEID, RESTRICTED, LOCALIZABLE, TEXTDIRECTION, COMPLEXEXPRESSION) values ( 'BEANSHELLTRIGGERLOG', 'BEANSHELLTRIGGERLOGID', 'BEANSHELLTRIGGERLOGID', null, 1, 0, null, 'BEANSHELLTRIGGERLOGID', null, null, 0, 'BEANSHELLTRIGGERLOG', 0, 0, 0, 19, 'BIGINT', 1, 1, 1, 1, 'ID', null, null, 0, 'ID', 1,'I', 'EXACT', 0, 0, null, MAXATTRIBUTECFGSEQ.nextval, 0, 0, null, null);
insert into maxattributecfg ( OBJECTNAME, ATTRIBUTENAME, ALIAS, AUTOKEYNAME, ATTRIBUTENO, CANAUTONUM, CLASSNAME, COLUMNNAME, DEFAULTVALUE, DOMAINID, EAUDITENABLED, ENTITYNAME, ESIGENABLED, ISLDOWNER, ISPOSITIVE, LENGTH, MAXTYPE, MUSTBE, REQUIRED, PERSISTENT, PRIMARYKEYCOLSEQ, REMARKS, SAMEASATTRIBUTE, SAMEASOBJECT, SCALE, TITLE, USERDEFINED, CHANGED, SEARCHTYPE, MLSUPPORTED, MLINUSE, HANDLECOLUMNNAME, MAXATTRIBUTEID, RESTRICTED, LOCALIZABLE, TEXTDIRECTION, COMPLEXEXPRESSION) values ( 'BEANSHELLTRIGGERLOG', 'CHANGED', 'CHANGED', null, 9, 0, null, 'CHANGED', null, null, 0, 'BEANSHELLTRIGGERLOG', 0, 0, 0, 6, 'ALN', 0, 0, 1, null, '更改类型 新建/删除/修改', null, null, 0, '更改类型 新建/删除/修改', 1,'I', 'WILDCARD', 0, 0, null, MAXATTRIBUTECFGSEQ.nextval, 0, 1, null, null);
insert into maxattributecfg ( OBJECTNAME, ATTRIBUTENAME, ALIAS, AUTOKEYNAME, ATTRIBUTENO, CANAUTONUM, CLASSNAME, COLUMNNAME, DEFAULTVALUE, DOMAINID, EAUDITENABLED, ENTITYNAME, ESIGENABLED, ISLDOWNER, ISPOSITIVE, LENGTH, MAXTYPE, MUSTBE, REQUIRED, PERSISTENT, PRIMARYKEYCOLSEQ, REMARKS, SAMEASATTRIBUTE, SAMEASOBJECT, SCALE, TITLE, USERDEFINED, CHANGED, SEARCHTYPE, MLSUPPORTED, MLINUSE, HANDLECOLUMNNAME, MAXATTRIBUTEID, RESTRICTED, LOCALIZABLE, TEXTDIRECTION, COMPLEXEXPRESSION) values ( 'BEANSHELLTRIGGERLOG', 'CLASS', 'CLASS', null, 10, 0, 'com.shuto.mam.app.autobsh.configu.FldBSHTClassLookup', 'CLASS', null, null, 0, 'BEANSHELLTRIGGERLOG', 0, 0, 0, 30, 'ALN', 0, 0, 1, null, '哪种类中触发', 'CLASS', 'BEANSHELLCLASSFUNCTION', 0, '哪种类中触发', 1,'I', 'WILDCARD', 0, 0, null, MAXATTRIBUTECFGSEQ.nextval, 0, 1, null, null);
insert into maxattributecfg ( OBJECTNAME, ATTRIBUTENAME, ALIAS, AUTOKEYNAME, ATTRIBUTENO, CANAUTONUM, CLASSNAME, COLUMNNAME, DEFAULTVALUE, DOMAINID, EAUDITENABLED, ENTITYNAME, ESIGENABLED, ISLDOWNER, ISPOSITIVE, LENGTH, MAXTYPE, MUSTBE, REQUIRED, PERSISTENT, PRIMARYKEYCOLSEQ, REMARKS, SAMEASATTRIBUTE, SAMEASOBJECT, SCALE, TITLE, USERDEFINED, CHANGED, SEARCHTYPE, MLSUPPORTED, MLINUSE, HANDLECOLUMNNAME, MAXATTRIBUTEID, RESTRICTED, LOCALIZABLE, TEXTDIRECTION, COMPLEXEXPRESSION) values ( 'BEANSHELLTRIGGERLOG', 'CLIENTHOST', 'CLIENTHOST', null, 11, 0, null, 'CLIENTHOST', null, null, 0, 'BEANSHELLTRIGGERLOG', 0, 0, 0, 51, 'ALN', 0, 0, 1, null, '修改人客户端的主机名称', null, null, 0, '修改人客户端的主机名称', 1,'I', 'WILDCARD', 0, 0, null, MAXATTRIBUTECFGSEQ.nextval, 0, 1, null, null);
insert into maxattributecfg ( OBJECTNAME, ATTRIBUTENAME, ALIAS, AUTOKEYNAME, ATTRIBUTENO, CANAUTONUM, CLASSNAME, COLUMNNAME, DEFAULTVALUE, DOMAINID, EAUDITENABLED, ENTITYNAME, ESIGENABLED, ISLDOWNER, ISPOSITIVE, LENGTH, MAXTYPE, MUSTBE, REQUIRED, PERSISTENT, PRIMARYKEYCOLSEQ, REMARKS, SAMEASATTRIBUTE, SAMEASOBJECT, SCALE, TITLE, USERDEFINED, CHANGED, SEARCHTYPE, MLSUPPORTED, MLINUSE, HANDLECOLUMNNAME, MAXATTRIBUTEID, RESTRICTED, LOCALIZABLE, TEXTDIRECTION, COMPLEXEXPRESSION) values ( 'BEANSHELLTRIGGERLOG', 'DATETIME', 'DATETIME', null, 12, 0, null, 'DATETIME', null, null, 0, 'BEANSHELLTRIGGERLOG', 0, 0, 0, 10, 'DATETIME', 0, 0, 1, null, '修改时间', null, null, 0, '修改时间', 1,'I', 'EXACT', 0, 0, null, MAXATTRIBUTECFGSEQ.nextval, 0, 0, null, null);
insert into maxattributecfg ( OBJECTNAME, ATTRIBUTENAME, ALIAS, AUTOKEYNAME, ATTRIBUTENO, CANAUTONUM, CLASSNAME, COLUMNNAME, DEFAULTVALUE, DOMAINID, EAUDITENABLED, ENTITYNAME, ESIGENABLED, ISLDOWNER, ISPOSITIVE, LENGTH, MAXTYPE, MUSTBE, REQUIRED, PERSISTENT, PRIMARYKEYCOLSEQ, REMARKS, SAMEASATTRIBUTE, SAMEASOBJECT, SCALE, TITLE, USERDEFINED, CHANGED, SEARCHTYPE, MLSUPPORTED, MLINUSE, HANDLECOLUMNNAME, MAXATTRIBUTEID, RESTRICTED, LOCALIZABLE, TEXTDIRECTION, COMPLEXEXPRESSION) values ( 'BEANSHELLTRIGGERLOG', 'DESCRIPTION', 'DESCRIPTION', null, 2, 0, null, 'DESCRIPTION', null, null, 0, 'BEANSHELLTRIGGERLOG', 0, 1, 0, 50, 'ALN', 0, 0, 1, null, '描述', null, null, 0, '描述', 1,'I', 'NONE', 0, 0, null, MAXATTRIBUTECFGSEQ.nextval, 0, 1, null, null);
insert into maxattributecfg ( OBJECTNAME, ATTRIBUTENAME, ALIAS, AUTOKEYNAME, ATTRIBUTENO, CANAUTONUM, CLASSNAME, COLUMNNAME, DEFAULTVALUE, DOMAINID, EAUDITENABLED, ENTITYNAME, ESIGENABLED, ISLDOWNER, ISPOSITIVE, LENGTH, MAXTYPE, MUSTBE, REQUIRED, PERSISTENT, PRIMARYKEYCOLSEQ, REMARKS, SAMEASATTRIBUTE, SAMEASOBJECT, SCALE, TITLE, USERDEFINED, CHANGED, SEARCHTYPE, MLSUPPORTED, MLINUSE, HANDLECOLUMNNAME, MAXATTRIBUTEID, RESTRICTED, LOCALIZABLE, TEXTDIRECTION, COMPLEXEXPRESSION) values ( 'BEANSHELLTRIGGERLOG', 'DESCRIPTION_LONGDESCRIPTION', 'DESCRIPTION_LONGDESCRIPTION', null, 5, 0, null, null, null, null, 0, null, 0, 0, 0, 32000, 'LONGALN', 1, 0, 0, null, '详细描述', null, null, 0, '详细描述', 1,'I', 'TEXT', 0, 0, null, MAXATTRIBUTECFGSEQ.nextval, 0, 0, null, null);
insert into maxattributecfg ( OBJECTNAME, ATTRIBUTENAME, ALIAS, AUTOKEYNAME, ATTRIBUTENO, CANAUTONUM, CLASSNAME, COLUMNNAME, DEFAULTVALUE, DOMAINID, EAUDITENABLED, ENTITYNAME, ESIGENABLED, ISLDOWNER, ISPOSITIVE, LENGTH, MAXTYPE, MUSTBE, REQUIRED, PERSISTENT, PRIMARYKEYCOLSEQ, REMARKS, SAMEASATTRIBUTE, SAMEASOBJECT, SCALE, TITLE, USERDEFINED, CHANGED, SEARCHTYPE, MLSUPPORTED, MLINUSE, HANDLECOLUMNNAME, MAXATTRIBUTEID, RESTRICTED, LOCALIZABLE, TEXTDIRECTION, COMPLEXEXPRESSION) values ( 'BEANSHELLTRIGGERLOG', 'DISPLAYNAME', 'DISPLAYNAME', null, 13, 0, null, 'DISPLAYNAME', null, null, 0, 'BEANSHELLTRIGGERLOG', 0, 0, 0, 30, 'ALN', 0, 0, 1, null, '修改人名称', null, null, 0, '修改人名称', 1,'I', 'WILDCARD', 0, 0, null, MAXATTRIBUTECFGSEQ.nextval, 0, 1, null, null);
insert into maxattributecfg ( OBJECTNAME, ATTRIBUTENAME, ALIAS, AUTOKEYNAME, ATTRIBUTENO, CANAUTONUM, CLASSNAME, COLUMNNAME, DEFAULTVALUE, DOMAINID, EAUDITENABLED, ENTITYNAME, ESIGENABLED, ISLDOWNER, ISPOSITIVE, LENGTH, MAXTYPE, MUSTBE, REQUIRED, PERSISTENT, PRIMARYKEYCOLSEQ, REMARKS, SAMEASATTRIBUTE, SAMEASOBJECT, SCALE, TITLE, USERDEFINED, CHANGED, SEARCHTYPE, MLSUPPORTED, MLINUSE, HANDLECOLUMNNAME, MAXATTRIBUTEID, RESTRICTED, LOCALIZABLE, TEXTDIRECTION, COMPLEXEXPRESSION) values ( 'BEANSHELLTRIGGERLOG', 'FUNCTION', 'FUNCTION', null, 14, 0, 'com.shuto.mam.app.autobsh.configu.FldBSHTFunctionLookup', 'FUNCTION', null, null, 0, 'BEANSHELLTRIGGERLOG', 0, 0, 0, 30, 'ALN', 0, 0, 1, null, '在哪个函数触发', 'FUNCTION', 'BEANSHELLCLASSFUNCTION', 0, '在哪个函数触发', 1,'I', 'WILDCARD', 0, 0, null, MAXATTRIBUTECFGSEQ.nextval, 0, 1, null, null);
insert into maxattributecfg ( OBJECTNAME, ATTRIBUTENAME, ALIAS, AUTOKEYNAME, ATTRIBUTENO, CANAUTONUM, CLASSNAME, COLUMNNAME, DEFAULTVALUE, DOMAINID, EAUDITENABLED, ENTITYNAME, ESIGENABLED, ISLDOWNER, ISPOSITIVE, LENGTH, MAXTYPE, MUSTBE, REQUIRED, PERSISTENT, PRIMARYKEYCOLSEQ, REMARKS, SAMEASATTRIBUTE, SAMEASOBJECT, SCALE, TITLE, USERDEFINED, CHANGED, SEARCHTYPE, MLSUPPORTED, MLINUSE, HANDLECOLUMNNAME, MAXATTRIBUTEID, RESTRICTED, LOCALIZABLE, TEXTDIRECTION, COMPLEXEXPRESSION) values ( 'BEANSHELLTRIGGERLOG', 'HASLD', 'HASLD', null, 6, 0, null, 'HASLD', '0', null, 0, 'BEANSHELLTRIGGERLOG', 0, 0, 0, 1, 'YORN', 1, 1, 1, null, 'Hasld', null, null, 0, 'Hasld', 1,'I', 'NONE', 0, 0, null, MAXATTRIBUTECFGSEQ.nextval, 0, 0, null, null);
insert into maxattributecfg ( OBJECTNAME, ATTRIBUTENAME, ALIAS, AUTOKEYNAME, ATTRIBUTENO, CANAUTONUM, CLASSNAME, COLUMNNAME, DEFAULTVALUE, DOMAINID, EAUDITENABLED, ENTITYNAME, ESIGENABLED, ISLDOWNER, ISPOSITIVE, LENGTH, MAXTYPE, MUSTBE, REQUIRED, PERSISTENT, PRIMARYKEYCOLSEQ, REMARKS, SAMEASATTRIBUTE, SAMEASOBJECT, SCALE, TITLE, USERDEFINED, CHANGED, SEARCHTYPE, MLSUPPORTED, MLINUSE, HANDLECOLUMNNAME, MAXATTRIBUTEID, RESTRICTED, LOCALIZABLE, TEXTDIRECTION, COMPLEXEXPRESSION) values ( 'BEANSHELLTRIGGERLOG', 'ORGID', 'ORGID', null, 3, 0, 'psdi.app.site.FldOrganizationID', 'ORGID', null, null, 0, 'BEANSHELLTRIGGERLOG', 0, 0, 0, 30, 'UPPER', 0, 0, 1, null, '组织', 'ORGID', 'ORGANIZATION', 0, '组织', 1,'I', 'WILDCARD', 0, 0, null, MAXATTRIBUTECFGSEQ.nextval, 0, 0, null, null);
insert into maxattributecfg ( OBJECTNAME, ATTRIBUTENAME, ALIAS, AUTOKEYNAME, ATTRIBUTENO, CANAUTONUM, CLASSNAME, COLUMNNAME, DEFAULTVALUE, DOMAINID, EAUDITENABLED, ENTITYNAME, ESIGENABLED, ISLDOWNER, ISPOSITIVE, LENGTH, MAXTYPE, MUSTBE, REQUIRED, PERSISTENT, PRIMARYKEYCOLSEQ, REMARKS, SAMEASATTRIBUTE, SAMEASOBJECT, SCALE, TITLE, USERDEFINED, CHANGED, SEARCHTYPE, MLSUPPORTED, MLINUSE, HANDLECOLUMNNAME, MAXATTRIBUTEID, RESTRICTED, LOCALIZABLE, TEXTDIRECTION, COMPLEXEXPRESSION) values ( 'BEANSHELLTRIGGERLOG', 'PERSONID', 'PERSONID', null, 15, 0, null, 'PERSONID', null, null, 0, 'BEANSHELLTRIGGERLOG', 0, 0, 0, 30, 'UPPER', 0, 0, 1, null, '修改人ID', 'PERSONID', 'PERSON', 0, '修改人ID', 1,'I', 'WILDCARD', 0, 0, null, MAXATTRIBUTECFGSEQ.nextval, 0, 0, null, null);
insert into maxattributecfg ( OBJECTNAME, ATTRIBUTENAME, ALIAS, AUTOKEYNAME, ATTRIBUTENO, CANAUTONUM, CLASSNAME, COLUMNNAME, DEFAULTVALUE, DOMAINID, EAUDITENABLED, ENTITYNAME, ESIGENABLED, ISLDOWNER, ISPOSITIVE, LENGTH, MAXTYPE, MUSTBE, REQUIRED, PERSISTENT, PRIMARYKEYCOLSEQ, REMARKS, SAMEASATTRIBUTE, SAMEASOBJECT, SCALE, TITLE, USERDEFINED, CHANGED, SEARCHTYPE, MLSUPPORTED, MLINUSE, HANDLECOLUMNNAME, MAXATTRIBUTEID, RESTRICTED, LOCALIZABLE, TEXTDIRECTION, COMPLEXEXPRESSION) values ( 'BEANSHELLTRIGGERLOG', 'SEQUENCE', 'SEQUENCE', null, 16, 0, null, 'SEQUENCE', null, null, 0, 'BEANSHELLTRIGGERLOG', 0, 0, 0, 15, 'ALN', 0, 0, 1, null, '排序', null, null, 0, '排序', 1,'I', 'WILDCARD', 0, 0, null, MAXATTRIBUTECFGSEQ.nextval, 0, 1, null, null);
insert into maxattributecfg ( OBJECTNAME, ATTRIBUTENAME, ALIAS, AUTOKEYNAME, ATTRIBUTENO, CANAUTONUM, CLASSNAME, COLUMNNAME, DEFAULTVALUE, DOMAINID, EAUDITENABLED, ENTITYNAME, ESIGENABLED, ISLDOWNER, ISPOSITIVE, LENGTH, MAXTYPE, MUSTBE, REQUIRED, PERSISTENT, PRIMARYKEYCOLSEQ, REMARKS, SAMEASATTRIBUTE, SAMEASOBJECT, SCALE, TITLE, USERDEFINED, CHANGED, SEARCHTYPE, MLSUPPORTED, MLINUSE, HANDLECOLUMNNAME, MAXATTRIBUTEID, RESTRICTED, LOCALIZABLE, TEXTDIRECTION, COMPLEXEXPRESSION) values ( 'BEANSHELLTRIGGERLOG', 'SITEID', 'SITEID', null, 4, 0, 'psdi.app.site.FldSiteID', 'SITEID', null, null, 0, 'BEANSHELLTRIGGERLOG', 0, 0, 0, 50, 'UPPER', 0, 0, 1, null, '地点', 'SITEID', 'SITE', 0, '地点', 1,'I', 'WILDCARD', 0, 0, null, MAXATTRIBUTECFGSEQ.nextval, 0, 0, null, null);
insert into maxattributecfg ( OBJECTNAME, ATTRIBUTENAME, ALIAS, AUTOKEYNAME, ATTRIBUTENO, CANAUTONUM, CLASSNAME, COLUMNNAME, DEFAULTVALUE, DOMAINID, EAUDITENABLED, ENTITYNAME, ESIGENABLED, ISLDOWNER, ISPOSITIVE, LENGTH, MAXTYPE, MUSTBE, REQUIRED, PERSISTENT, PRIMARYKEYCOLSEQ, REMARKS, SAMEASATTRIBUTE, SAMEASOBJECT, SCALE, TITLE, USERDEFINED, CHANGED, SEARCHTYPE, MLSUPPORTED, MLINUSE, HANDLECOLUMNNAME, MAXATTRIBUTEID, RESTRICTED, LOCALIZABLE, TEXTDIRECTION, COMPLEXEXPRESSION) values ( 'BEANSHELLTRIGGERLOG', 'SOURCE', 'SOURCE', null, 17, 0, null, 'SOURCE', null, null, 0, 'BEANSHELLTRIGGERLOG', 0, 0, 0, 999999, 'CLOB', 0, 0, 1, null, '源代码', null, null, 0, '源代码', 1,'I', 'NONE', 0, 0, null, MAXATTRIBUTECFGSEQ.nextval, 0, 0, null, null);
insert into maxattributecfg ( OBJECTNAME, ATTRIBUTENAME, ALIAS, AUTOKEYNAME, ATTRIBUTENO, CANAUTONUM, CLASSNAME, COLUMNNAME, DEFAULTVALUE, DOMAINID, EAUDITENABLED, ENTITYNAME, ESIGENABLED, ISLDOWNER, ISPOSITIVE, LENGTH, MAXTYPE, MUSTBE, REQUIRED, PERSISTENT, PRIMARYKEYCOLSEQ, REMARKS, SAMEASATTRIBUTE, SAMEASOBJECT, SCALE, TITLE, USERDEFINED, CHANGED, SEARCHTYPE, MLSUPPORTED, MLINUSE, HANDLECOLUMNNAME, MAXATTRIBUTEID, RESTRICTED, LOCALIZABLE, TEXTDIRECTION, COMPLEXEXPRESSION) values ( 'BEANSHELLTRIGGERLOG', 'TABLEFIELD', 'TABLEFIELD', null, 18, 0, null, 'TABLEFIELD', null, null, 0, 'BEANSHELLTRIGGERLOG', 0, 0, 0, 50, 'ALN', 0, 0, 1, null, '表字段', 'TABLEFIELD', 'BEANSHELLTRIGGER', 0, '表字段', 1,'I', 'WILDCARD', 0, 0, null, MAXATTRIBUTECFGSEQ.nextval, 0, 1, null, null);
insert into maxattributecfg ( OBJECTNAME, ATTRIBUTENAME, ALIAS, AUTOKEYNAME, ATTRIBUTENO, CANAUTONUM, CLASSNAME, COLUMNNAME, DEFAULTVALUE, DOMAINID, EAUDITENABLED, ENTITYNAME, ESIGENABLED, ISLDOWNER, ISPOSITIVE, LENGTH, MAXTYPE, MUSTBE, REQUIRED, PERSISTENT, PRIMARYKEYCOLSEQ, REMARKS, SAMEASATTRIBUTE, SAMEASOBJECT, SCALE, TITLE, USERDEFINED, CHANGED, SEARCHTYPE, MLSUPPORTED, MLINUSE, HANDLECOLUMNNAME, MAXATTRIBUTEID, RESTRICTED, LOCALIZABLE, TEXTDIRECTION, COMPLEXEXPRESSION) values ( 'BEANSHELLTRIGGERLOG', 'VERSION', 'VERSION', null, 19, 0, null, 'VERSION', null, null, 0, 'BEANSHELLTRIGGERLOG', 0, 0, 0, 12, 'INTEGER', 0, 0, 1, null, '版本号', null, null, 0, '版本号', 1,'I', 'EXACT', 0, 0, null, MAXATTRIBUTECFGSEQ.nextval, 0, 0, null, null);
insert into maxattributecfg ( OBJECTNAME, ATTRIBUTENAME, ALIAS, AUTOKEYNAME, ATTRIBUTENO, CANAUTONUM, CLASSNAME, COLUMNNAME, DEFAULTVALUE, DOMAINID, EAUDITENABLED, ENTITYNAME, ESIGENABLED, ISLDOWNER, ISPOSITIVE, LENGTH, MAXTYPE, MUSTBE, REQUIRED, PERSISTENT, PRIMARYKEYCOLSEQ, REMARKS, SAMEASATTRIBUTE, SAMEASOBJECT, SCALE, TITLE, USERDEFINED, CHANGED, SEARCHTYPE, MLSUPPORTED, MLINUSE, HANDLECOLUMNNAME, MAXATTRIBUTEID, RESTRICTED, LOCALIZABLE, TEXTDIRECTION, COMPLEXEXPRESSION) values ( 'BEANSHELLTRIGGERLOG', 'WHEN', 'WHEN', null, 20, 0, null, 'WHEN', null, null, 0, 'BEANSHELLTRIGGERLOG', 0, 0, 0, 10, 'ALN', 0, 0, 1, null, '何时触发', null, null, 0, '何时触发', 1,'I', 'WILDCARD', 0, 0, null, MAXATTRIBUTECFGSEQ.nextval, 0, 1, null, null);


----------------CreateindexScript----------------

insert into maxsysindexes ( NAME, TBNAME, UNIQUERULE, CHANGED, CLUSTERRULE, STORAGEPARTITION, REQUIRED, TEXTSEARCH, MAXSYSINDEXESID) values ( 'BEANSHELLTRIGGERLOG_NDX1', 'BEANSHELLTRIGGERLOG', 'U','Y', 0, 'MAXDATA', 1, 0, MAXSYSINDEXESSEQ.nextval);


----------------CreateKeyScript----------------

insert into maxsyskeys ( IXNAME, COLNAME, COLSEQ, ORDERING, CHANGED, MAXSYSKEYSID) values ( 'BEANSHELLTRIGGERLOG_NDX1', 'BEANSHELLTRIGGERLOGID', 1, 'A','Y', MAXSYSKEYSSEQ.nextval);


----------------CreateRelationScript----------------



----------------CreateSequenceScript----------------

insert into maxsequence ( TBNAME, NAME, MAXRESERVED, MAXVALUE, RANGE, SEQUENCENAME, MAXSEQUENCEID) values ( 'BEANSHELLTRIGGERLOG', 'BEANSHELLTRIGGERLOGID', 1, null, null, 'BEANSHELLTRIGGERLOGIDSEQ', MAXSEQUENCESEQ.nextval);


----------------Update Maximo Sequence----------------

update maxsequence set maxreserved=(select max(BEANSHELLTRIGGERLOGID)+1 from BEANSHELLTRIGGERLOG) where tbname='BEANSHELLTRIGGERLOG' and name='BEANSHELLTRIGGERLOGID';


----------------CreateAutokeyScript----------------

commit;

